,data,vectorizer,model,hyperparameters,train_score,test_score,change,time_fit,subreddits,id
0,Titles,TFIDF,Gaussian NB,Defaults,0.9340960552973424,0.9338695263628239,-0.00022652893451846623,1.5787100791931152,datascience(1) & eat healthy(0),1.0
1,Titles,TFIDF,Gaussian NB,"{'tfidf__max_df': 0.9, 'tfidf__max_features': 1000, 'tfidf__ngram_range': (1, 1), 'tfidf__stop_words': 'english'}",0.9529257537838159,0.9490616621983914,-0.003864091585424556,0.13085484504699707,datascience(1) & eat healthy(0),2.0
2,Titles,TFIDF,Gaussian NB,"{'tfidf__max_df': 0.8, 'tfidf__max_features': 2000, 'tfidf__ngram_range': (1, 1), 'tfidf__stop_words': 'english'}",0.9587653438207603,0.9592493297587131,0.0004839859379528466,0.23731493949890137,datascience(1) & eat healthy(0),3.0
3,Titles,TFIDF,Gaussian NB,"{'tfidf__max_df': 0.7, 'tfidf__max_features': 2000, 'tfidf__ngram_range': (1, 1), 'tfidf__stop_words': 'english'}",0.9587653438207603,0.9592493297587131,0.0004839859379528466,0.20699119567871094,datascience(1) & eat healthy(0),4.0
4,Titles,TFIDF,Gaussian NB - CV5,"{'tfidf__max_df': 0.7, 'tfidf__max_features': 2000, 'tfidf__ngram_range': (1, 1), 'tfidf__stop_words': 'english'}",0.9611488499582886,0.9592493297587131,-0.0018995201995755107,0.2092750072479248,datascience(1) & eat healthy(0),5.0
5,Submissions,TFIDF,Gaussian NB - CV5,Defaults,0.9521511142891192,0.948704200178731,-0.0034469141103882217,5.4359657764434814,datascience(1) & eat healthy(0),6.0
6,Submissions,TFIDF,Gaussian NB - CV5,"{'tfidf__max_df': 0.7, 'tfidf__max_features': 1500, 'tfidf__ngram_range': (1, 2), 'tfidf__stop_words': 'english'}",0.9817661780479084,0.9794459338695264,-0.002320244178382058,0.649770975112915,datascience(1) & eat healthy(0),7.0
7,Submissions,TFIDF,Gaussian NB - CV5,"{'tfidf__max_df': 0.7, 'tfidf__max_features': 3000, 'tfidf__ngram_range': (1, 3), 'tfidf__stop_words': 'english'}",0.9837921582648075,0.9835567470956211,-0.0002354111691863503,1.1492030620574951,datascience(1) & eat healthy(0),8.0
8,Submissions,TFIDF,Gaussian NB - CV5,"{'tfidf__max_df': 0.6, 'tfidf__max_features': 3000, 'tfidf__ngram_range': (1, 3), 'tfidf__stop_words': 'english'}",0.9837921582648075,0.9835567470956211,-0.0002354111691863503,1.1788859367370605,datascience(1) & eat healthy(0),9.0
9,Submissions,TFIDF,Gaussian NB - CV5,"{'tfidf__max_df': 0.6, 'tfidf__max_features': 5000, 'tfidf__ngram_range': (1, 3), 'tfidf__stop_words': 'english'}",0.9842688594923132,0.9835567470956211,-0.0007121123966921106,1.438014030456543,datascience(1) & eat healthy(0),10.0
10,Titles,TFIDF,Logistic - CV5,Defaults,0.9716958646168514,0.9714030384271671,-0.0002928261896842921,0.3405909538269043,datascience(1) & eat healthy(0),11.0
11,Titles,TFIDF,Logistic - CV5,"{'lr__solver': 'lbfgs', 'tfidf__max_df': 0.7, 'tfidf__max_features': 2000, 'tfidf__ngram_range': (1, 1), 'tfidf__stop_words': 'english'}",0.9684185436777499,0.9667560321715818,-0.0016625115061681406,0.11547589302062988,datascience(1) & eat healthy(0),12.0
12,Titles,TFIDF,Logistic - CV5,"{'lr__C': 1, 'lr__penalty': 'l2', 'lr__solver': 'liblinear', 'tfidf__max_df': 0.7, 'tfidf__max_features': 2000, 'tfidf__ngram_range': (1, 1), 'tfidf__stop_words': 'english'}",0.9684185436777499,0.9667560321715818,-0.0016625115061681406,0.11554098129272461,datascience(1) & eat healthy(0),13.0
13,Submissions,TFIDF,Logistic - CV5,default,0.9858181384817066,0.9837354781054513,-0.002082660376255374,1.3871757984161377,datascience(1) & eat healthy(0),14.0
14,Submissions,TFIDF,Logistic - CV5,"{'lr__C': 1, 'lr__penalty': 'l2', 'lr__solver': 'liblinear', 'tfidf__max_df': 0.7, 'tfidf__max_features': 2000, 'tfidf__ngram_range': (1, 1), 'tfidf__stop_words': 'english'}",0.9869503038970325,0.9835567470956211,-0.0033935568014114015,0.41848111152648926,datascience(1) & eat healthy(0),15.0
15,Submissions,TFIDF,Logistic - CV5,"{'lr__C': 1, 'lr__penalty': 'l2', 'lr__solver': 'saga', 'tfidf__max_df': 0.7, 'tfidf__max_features': 2000, 'tfidf__ngram_range': (1, 1), 'tfidf__stop_words': 'english'}",0.9869503038970325,0.9835567470956211,-0.0033935568014114015,0.4112372398376465,datascience(1) & eat healthy(0),16.0
16,Submissions,TFIDF,Logistic - CV5,"{'lr__C': 1, 'lr__penalty': 'l2', 'lr__solver': 'saga', 'tfidf__max_df': 0.7, 'tfidf__max_features': 2000, 'tfidf__ngram_range': (1, 1), 'tfidf__stop_words': 'english'}",0.8321055525013744,0.8411939313984169,0.009088378897042504,0.3806140422821045,cooking(0) & eat healthy(1),17.0
17,Submissions,TFIDF,SVC - CV5,"{'svc__gamma': 'scale', 'tfidf__max_df': 0.7, 'tfidf__max_features': 2000, 'tfidf__ngram_range': (1, 1), 'tfidf__stop_words': 'english'}",0.7650666666666667,0.8411939313984169,0.07612726473175024,120.16286611557007,"cooking(0), keto(1), eat healthy(2), DIY(3), datascience(4)",18.0
